folder,file,source_label,appears_on_pages,wix_url,bytes,status,caption_TODO,hero_score_TODO
_brand,01c3aff52f2a4dffa526d7a9843d46ea.png,Brand/UI (site-wide),;about;baltimore-city-workshop;camping-trip;contact;donate-now;enrollment;howard-county-workshop;ocean-city-trip;past-events;program-information;programs;ravens-training-camp;regis;s-t-a-n-d-new-york-philly-trip;s-t-a-n-d-orioles-baseball-game-night;services;unity-the-community-basketball-game;upcoming-events,https://static.wixstatic.com/media/01c3aff52f2a4dffa526d7a9843d46ea.png,21665,ok,,
events/2023-ravens-training-camp,04647bb4470ca2fffb0ae92623b5f000.jpg,Ravens Training Camp 2023,ravens-training-camp,https://static.wixstatic.com/media/04647bb4470ca2fffb0ae92623b5f000.jpg,0,FAIL:HTTPError,,
events/2023-ravens-training-camp,04647bb4470ca2fffb0ae92623b5f001.jpg,Ravens Training Camp 2023,ravens-training-camp,https://static.wixstatic.com/media/04647bb4470ca2fffb0ae92623b5f001.jpg,0,FAIL:HTTPError,,
events/2023-ravens-training-camp,04647bb4470ca2fffb0ae92623b5f002.jpg,Ravens Training Camp 2023,ravens-training-camp,https://static.wixstatic.com/media/04647bb4470ca2fffb0ae92623b5f002.jpg,0,FAIL:HTTPError,,
events/2023-ravens-training-camp,04647bb4470ca2fffb0ae92623b5f003.jpg,Ravens Training Camp 2023,ravens-training-camp,https://static.wixstatic.com/media/04647bb4470ca2fffb0ae92623b5f003.jpg,0,FAIL:HTTPError,,
_brand,11062b_362ef89dec51403eb0ee59a21bde967c_mv2.png,Brand/UI (site-wide),;about;baltimore-city-workshop;camping-trip;contact;donate-now;enrollment;howard-county-workshop;ocean-city-trip;past-events;program-information;programs;ravens-training-camp;regis;s-t-a-n-d-new-york-philly-trip;s-t-a-n-d-orioles-baseball-game-night;services;unity-the-community-basketball-game;upcoming-events,https://static.wixstatic.com/media/11062b_362ef89dec51403eb0ee59a21bde967c~mv2.png,2603,ok,,
misc,1fb4c0ae2d604ff8b2f97e0a53bda09f.jpg,Contact,contact,https://static.wixstatic.com/media/1fb4c0ae2d604ff8b2f97e0a53bda09f.jpg,875665,ok,,
team,359a5f6d127f443ea17ee6b2043a891a.jpg,About / Team & Board,about,https://static.wixstatic.com/media/359a5f6d127f443ea17ee6b2043a891a.jpg,264719,ok,,
events/2023-ravens-training-camp,61dd76c34d52ae4bb6c0e2f76508f000.jpg,Ravens Training Camp 2023,ravens-training-camp,https://static.wixstatic.com/media/61dd76c34d52ae4bb6c0e2f76508f000.jpg,0,FAIL:HTTPError,,
events/2023-ravens-training-camp,61dd76c34d52ae4bb6c0e2f76508f001.jpg,Ravens Training Camp 2023,ravens-training-camp,https://static.wixstatic.com/media/61dd76c34d52ae4bb6c0e2f76508f001.jpg,0,FAIL:HTTPError,,
events/2023-ravens-training-camp,61dd76c34d52ae4bb6c0e2f76508f002.jpg,Ravens Training Camp 2023,ravens-training-camp,https://static.wixstatic.com/media/61dd76c34d52ae4bb6c0e2f76508f002.jpg,0,FAIL:HTTPError,,
events/2023-ravens-training-camp,61dd76c34d52ae4bb6c0e2f76508f003.jpg,Ravens Training Camp 2023,ravens-training-camp,https://static.wixstatic.com/media/61dd76c34d52ae4bb6c0e2f76508f003.jpg,0,FAIL:HTTPError,,
events/2023-ravens-training-camp,61ffbe20477e983d55f0920b22caf000.jpg,Ravens Training Camp 2023,ravens-training-camp,https://static.wixstatic.com/media/61ffbe20477e983d55f0920b22caf000.jpg,0,FAIL:HTTPError,,
events/2023-ravens-training-camp,61ffbe20477e983d55f0920b22caf001.jpg,Ravens Training Camp 2023,ravens-training-camp,https://static.wixstatic.com/media/61ffbe20477e983d55f0920b22caf001.jpg,0,FAIL:HTTPError,,
events/2023-ravens-training-camp,61ffbe20477e983d55f0920b22caf002.jpg,Ravens Training Camp 2023,ravens-training-camp,https://static.wixstatic.com/media/61ffbe20477e983d55f0920b22caf002.jpg,0,FAIL:HTTPError,,
events/2023-ravens-training-camp,61ffbe20477e983d55f0920b22caf003.jpg,Ravens Training Camp 2023,ravens-training-camp,https://static.wixstatic.com/media/61ffbe20477e983d55f0920b22caf003.jpg,0,FAIL:HTTPError,,
events/2023-ny-philly-trip,717384264234b35a75db67126c3bf000.jpg,S.T.A.N.D New York/Philadelphia Trip 2023,s-t-a-n-d-new-york-philly-trip,https://static.wixstatic.com/media/717384264234b35a75db67126c3bf000.jpg,0,FAIL:HTTPError,,
events/2023-ny-philly-trip,717384264234b35a75db67126c3bf001.jpg,S.T.A.N.D New York/Philadelphia Trip 2023,s-t-a-n-d-new-york-philly-trip,https://static.wixstatic.com/media/717384264234b35a75db67126c3bf001.jpg,0,FAIL:HTTPError,,
events/2023-ny-philly-trip,717384264234b35a75db67126c3bf002.jpg,S.T.A.N.D New York/Philadelphia Trip 2023,s-t-a-n-d-new-york-philly-trip,https://static.wixstatic.com/media/717384264234b35a75db67126c3bf002.jpg,0,FAIL:HTTPError,,
events/2023-ny-philly-trip,717384264234b35a75db67126c3bf003.jpg,S.T.A.N.D New York/Philadelphia Trip 2023,s-t-a-n-d-new-york-philly-trip,https://static.wixstatic.com/media/717384264234b35a75db67126c3bf003.jpg,0,FAIL:HTTPError,,
events/2023-ny-philly-trip,7c28c27f4786b7e25133567778a8f000.jpg,S.T.A.N.D New York/Philadelphia Trip 2023,s-t-a-n-d-new-york-philly-trip,https://static.wixstatic.com/media/7c28c27f4786b7e25133567778a8f000.jpg,0,FAIL:HTTPError,,
events/2023-ny-philly-trip,7c28c27f4786b7e25133567778a8f001.jpg,S.T.A.N.D New York/Philadelphia Trip 2023,s-t-a-n-d-new-york-philly-trip,https://static.wixstatic.com/media/7c28c27f4786b7e25133567778a8f001.jpg,0,FAIL:HTTPError,,
events/2023-ny-philly-trip,7c28c27f4786b7e25133567778a8f002.jpg,S.T.A.N.D New York/Philadelphia Trip 2023,s-t-a-n-d-new-york-philly-trip,https://static.wixstatic.com/media/7c28c27f4786b7e25133567778a8f002.jpg,0,FAIL:HTTPError,,
events/2023-ny-philly-trip,7c28c27f4786b7e25133567778a8f003.jpg,S.T.A.N.D New York/Philadelphia Trip 2023,s-t-a-n-d-new-york-philly-trip,https://static.wixstatic.com/media/7c28c27f4786b7e25133567778a8f003.jpg,0,FAIL:HTTPError,,
events/2023-camping-trip,83bafb_00695dfb6dda455e8affb5832696c589_mv2.png,Camping Trip 2023,camping-trip,https://static.wixstatic.com/media/83bafb_00695dfb6dda455e8affb5832696c589~mv2.png,12630671,ok,,
events/2024-howard-county-workshop,83bafb_08c603b4d57945b1b4c8c1cf6594ec91_mv2.png,Howard County Workshop 2024,howard-county-workshop,https://static.wixstatic.com/media/83bafb_08c603b4d57945b1b4c8c1cf6594ec91~mv2.png,14809949,ok,,
events/2017-unity-basketball,83bafb_0f5cb19d0229486fbcbb56933997b0e9_mv2.jpg,Unity The Community Basketball Game 2017,unity-the-community-basketball-game,https://static.wixstatic.com/media/83bafb_0f5cb19d0229486fbcbb56933997b0e9~mv2.jpg,1371058,ok,,
events/2023-ny-philly-trip,83bafb_1121b5506d71413f9a52f8836d252244_mv2.png,S.T.A.N.D New York/Philadelphia Trip 2023,s-t-a-n-d-new-york-philly-trip,https://static.wixstatic.com/media/83bafb_1121b5506d71413f9a52f8836d252244~mv2.png,7505928,ok,,
_brand,83bafb_1245e5d9ba0d408f8396e6c24f4ddc2f_mv2.jpg,Brand/UI (site-wide),;about;baltimore-city-workshop;camping-trip;contact;donate-now;enrollment;howard-county-workshop;ocean-city-trip;past-events;program-information;programs;ravens-training-camp;regis;s-t-a-n-d-new-york-philly-trip;s-t-a-n-d-orioles-baseball-game-night;services;unity-the-community-basketball-game;upcoming-events,https://static.wixstatic.com/media/83bafb_1245e5d9ba0d408f8396e6c24f4ddc2f~mv2.jpg,2782924,ok,,
events/2023-camping-trip,83bafb_156c068240ce4df6bdf185bded8a2f25_mv2.png,Camping Trip 2023,camping-trip,https://static.wixstatic.com/media/83bafb_156c068240ce4df6bdf185bded8a2f25~mv2.png,23617310,ok,,
events/2024-howard-county-workshop,83bafb_1653f10cf302412891b54a591de0df26_mv2.png,Howard County Workshop 2024,howard-county-workshop,https://static.wixstatic.com/media/83bafb_1653f10cf302412891b54a591de0df26~mv2.png,18397098,ok,,
events/2023-ravens-training-camp,83bafb_16f7b29b83804692a8a76309f043070c_mv2.png,Ravens Training Camp 2023,ravens-training-camp,https://static.wixstatic.com/media/83bafb_16f7b29b83804692a8a76309f043070c~mv2.png,23355023,ok,,
events/2023-camping-trip,83bafb_189758ba1c1d460e91c15f6429c2baee_mv2.png,Camping Trip 2023,camping-trip,https://static.wixstatic.com/media/83bafb_189758ba1c1d460e91c15f6429c2baee~mv2.png,28584789,ok,,
events/2023-ny-philly-trip,83bafb_1c071837a2384e3fb97d9f127ae158a0_mv2.png,S.T.A.N.D New York/Philadelphia Trip 2023,s-t-a-n-d-new-york-philly-trip,https://static.wixstatic.com/media/83bafb_1c071837a2384e3fb97d9f127ae158a0~mv2.png,19688839,ok,,
events/2017-unity-basketball,83bafb_1ed6baf96d8c44e5b498423fb7acfc40_mv2.jpg,Unity The Community Basketball Game 2017,unity-the-community-basketball-game,https://static.wixstatic.com/media/83bafb_1ed6baf96d8c44e5b498423fb7acfc40~mv2.jpg,1455320,ok,,
events/2024-howard-county-workshop,83bafb_1ef824d0ce2f4478ae5c9d6247538622_mv2.png,Howard County Workshop 2024,howard-county-workshop,https://static.wixstatic.com/media/83bafb_1ef824d0ce2f4478ae5c9d6247538622~mv2.png,19719194,ok,,
events/2017-unity-basketball,83bafb_214703f10dc8442387a46bbd667e00ed_mv2.jpg,Unity The Community Basketball Game 2017,unity-the-community-basketball-game,https://static.wixstatic.com/media/83bafb_214703f10dc8442387a46bbd667e00ed~mv2.jpg,1902955,ok,,
events/2023-camping-trip,83bafb_2336a7f3a35c48129ab19afd4374fb9c_mv2.png,Camping Trip 2023,camping-trip;programs,https://static.wixstatic.com/media/83bafb_2336a7f3a35c48129ab19afd4374fb9c~mv2.png,29912983,ok,,
events/2017-unity-basketball,83bafb_256e0c4c457248f6ab4f45bb97f7c3c6_mv2.jpg,Unity The Community Basketball Game 2017,unity-the-community-basketball-game,https://static.wixstatic.com/media/83bafb_256e0c4c457248f6ab4f45bb97f7c3c6~mv2.jpg,1022641,ok,,
events/2024-baltimore-workshop,83bafb_25b67c1ee44a4603ac4e2f5ac22fa288_mv2.png,Baltimore Workshop 2024,baltimore-city-workshop,https://static.wixstatic.com/media/83bafb_25b67c1ee44a4603ac4e2f5ac22fa288~mv2.png,16921454,ok,,
events/2023-ravens-training-camp,83bafb_2659ead672cd4349bc621168addc9fe8_mv2.png,Ravens Training Camp 2023,ravens-training-camp,https://static.wixstatic.com/media/83bafb_2659ead672cd4349bc621168addc9fe8~mv2.png,32710324,ok,,
events/2024-baltimore-workshop,83bafb_28daad91f9654f77b692c3ce78b61532_mv2.png,Baltimore Workshop 2024,baltimore-city-workshop,https://static.wixstatic.com/media/83bafb_28daad91f9654f77b692c3ce78b61532~mv2.png,18933688,ok,,
events/2024-howard-county-workshop,83bafb_2a4c8b9eb6a1462688de14b4f652695d_mv2.png,Howard County Workshop 2024,howard-county-workshop;regis,https://static.wixstatic.com/media/83bafb_2a4c8b9eb6a1462688de14b4f652695d~mv2.png,18592645,ok,,
events/2023-ravens-training-camp,83bafb_2aa3063dbe684517921469764f7144c5_mv2.png,Ravens Training Camp 2023,ravens-training-camp;services,https://static.wixstatic.com/media/83bafb_2aa3063dbe684517921469764f7144c5~mv2.png,19700294,ok,,
events/2017-unity-basketball,83bafb_2e1ebaf2b5e64b518b984fbee59c4e82_mv2.jpg,Unity The Community Basketball Game 2017,unity-the-community-basketball-game,https://static.wixstatic.com/media/83bafb_2e1ebaf2b5e64b518b984fbee59c4e82~mv2.jpg,2377346,ok,,
misc,83bafb_30fdf8f9d761491ca3d8b3f595a87fff_mv2.jpeg,Upcoming Events,upcoming-events,https://static.wixstatic.com/media/83bafb_30fdf8f9d761491ca3d8b3f595a87fff~mv2.jpeg,130124,ok,,
events/2014-orioles-game-night,83bafb_311cf5f6e5f849909aa7ab0b74c4a089_mv2.jpg,S.T.A.N.D Orioles Baseball Game Night 2014,s-t-a-n-d-orioles-baseball-game-night,https://static.wixstatic.com/media/83bafb_311cf5f6e5f849909aa7ab0b74c4a089~mv2.jpg,85738,ok,,
events/2023-ravens-training-camp,83bafb_369fc81f955441c2bca151fa2ae11b34_mv2.png,Ravens Training Camp 2023,ravens-training-camp,https://static.wixstatic.com/media/83bafb_369fc81f955441c2bca151fa2ae11b34~mv2.png,25078407,ok,,
events/2023-ravens-training-camp,83bafb_37bdd6a55225420a857ce06aa4fabf56_mv2.png,Ravens Training Camp 2023,ravens-training-camp,https://static.wixstatic.com/media/83bafb_37bdd6a55225420a857ce06aa4fabf56~mv2.png,25805945,ok,,
events/2024-howard-county-workshop,83bafb_38d7caa035d8485683d9debf57138932_mv2.png,Howard County Workshop 2024,howard-county-workshop;regis,https://static.wixstatic.com/media/83bafb_38d7caa035d8485683d9debf57138932~mv2.png,18470472,ok,,
events/2024-baltimore-workshop,83bafb_3ac85c70b3434dcf8646d2a2187434cb_mv2.png,Baltimore Workshop 2024,baltimore-city-workshop,https://static.wixstatic.com/media/83bafb_3ac85c70b3434dcf8646d2a2187434cb~mv2.png,19357832,ok,,
events/2023-ravens-training-camp,83bafb_3aca745cf3e14aeb96ee762cd3ab9636_mv2.png,Ravens Training Camp 2023,ravens-training-camp,https://static.wixstatic.com/media/83bafb_3aca745cf3e14aeb96ee762cd3ab9636~mv2.png,28311285,ok,,
events/2024-howard-county-workshop,83bafb_3e60cf562aac4bb08d86d1c0e42a290e_mv2.png,Howard County Workshop 2024,howard-county-workshop,https://static.wixstatic.com/media/83bafb_3e60cf562aac4bb08d86d1c0e42a290e~mv2.png,18266377,ok,,
team,83bafb_3f3a433851634fe184430a1ccb036932_mv2.jpg,About / Team & Board,about,https://static.wixstatic.com/media/83bafb_3f3a433851634fe184430a1ccb036932~mv2.jpg,140834,ok,,
events/2017-unity-basketball,83bafb_4065eaf6fecf452a96411ec2ae919e82_mv2.jpg,Unity The Community Basketball Game 2017,unity-the-community-basketball-game,https://static.wixstatic.com/media/83bafb_4065eaf6fecf452a96411ec2ae919e82~mv2.jpg,1509783,ok,,
events/2023-ny-philly-trip,83bafb_40ee8345651e4320a7f23632002c2d10_mv2.png,S.T.A.N.D New York/Philadelphia Trip 2023,s-t-a-n-d-new-york-philly-trip,https://static.wixstatic.com/media/83bafb_40ee8345651e4320a7f23632002c2d10~mv2.png,16789978,ok,,
events/2023-ny-philly-trip,83bafb_41aefb743c774efa8757e8989a67f85c_mv2.png,S.T.A.N.D New York/Philadelphia Trip 2023,s-t-a-n-d-new-york-philly-trip,https://static.wixstatic.com/media/83bafb_41aefb743c774efa8757e8989a67f85c~mv2.png,17469135,ok,,
events/2023-camping-trip,83bafb_44efa89566b141b2ae50db29953f4120_mv2.png,Camping Trip 2023,camping-trip,https://static.wixstatic.com/media/83bafb_44efa89566b141b2ae50db29953f4120~mv2.png,15921272,ok,,
events/2023-camping-trip,83bafb_4a284399c97e4555bd9d49a7a70f6d82_mv2.png,Camping Trip 2023,camping-trip,https://static.wixstatic.com/media/83bafb_4a284399c97e4555bd9d49a7a70f6d82~mv2.png,29164995,ok,,
events/2017-unity-basketball,83bafb_4a76a083cf494821bc5c68479a4636bd_mv2.jpg,Unity The Community Basketball Game 2017,unity-the-community-basketball-game,https://static.wixstatic.com/media/83bafb_4a76a083cf494821bc5c68479a4636bd~mv2.jpg,1278114,ok,,
events/2014-orioles-game-night,83bafb_4e27564f6f744bfdbee007169f1b199a_mv2.jpg,S.T.A.N.D Orioles Baseball Game Night 2014,s-t-a-n-d-orioles-baseball-game-night,https://static.wixstatic.com/media/83bafb_4e27564f6f744bfdbee007169f1b199a~mv2.jpg,999014,ok,,
events/2014-orioles-game-night,83bafb_4ee4fe88b14d43eea278bb4a45b0097c_mv2.jpg,S.T.A.N.D Orioles Baseball Game Night 2014,s-t-a-n-d-orioles-baseball-game-night,https://static.wixstatic.com/media/83bafb_4ee4fe88b14d43eea278bb4a45b0097c~mv2.jpg,52894,ok,,
misc,83bafb_51064226c2604357b93259f561c3be1d_mv2.jpg,Upcoming Events,upcoming-events,https://static.wixstatic.com/media/83bafb_51064226c2604357b93259f561c3be1d~mv2.jpg,371290,ok,,
events/2023-ravens-training-camp,83bafb_5120d0d19e724ad6a99e2c3e03b4d5de_mv2.png,Ravens Training Camp 2023,ravens-training-camp,https://static.wixstatic.com/media/83bafb_5120d0d19e724ad6a99e2c3e03b4d5de~mv2.png,20061315,ok,,
events/2023-camping-trip,83bafb_526ceac1a8634e0196f55a891edb242e_mv2.png,Camping Trip 2023,camping-trip,https://static.wixstatic.com/media/83bafb_526ceac1a8634e0196f55a891edb242e~mv2.png,23654893,ok,,
events/2023-ny-philly-trip,83bafb_547e1c73b8064f3a9fe4050691b4c56c_mv2.png,S.T.A.N.D New York/Philadelphia Trip 2023,s-t-a-n-d-new-york-philly-trip,https://static.wixstatic.com/media/83bafb_547e1c73b8064f3a9fe4050691b4c56c~mv2.png,22455982,ok,,
events/2017-ocean-city,83bafb_54869f09200b41c6beb4317f9eaddda6_mv2.jpg,Ocean City Trip 2017,ocean-city-trip,https://static.wixstatic.com/media/83bafb_54869f09200b41c6beb4317f9eaddda6~mv2.jpg,1254436,ok,,
events/2023-ny-philly-trip,83bafb_556822dc972a4164af9dbf936525b5ba_mv2.png,S.T.A.N.D New York/Philadelphia Trip 2023,s-t-a-n-d-new-york-philly-trip,https://static.wixstatic.com/media/83bafb_556822dc972a4164af9dbf936525b5ba~mv2.png,21134277,ok,,
events/2023-ny-philly-trip,83bafb_57a61b34331b442aa91dbb61da49f27a_mv2.png,S.T.A.N.D New York/Philadelphia Trip 2023,s-t-a-n-d-new-york-philly-trip,https://static.wixstatic.com/media/83bafb_57a61b34331b442aa91dbb61da49f27a~mv2.png,18851854,ok,,
team,83bafb_5f1d2e8510eb4a7386e06644a78a995f_mv2.png,About / Team & Board,about,https://static.wixstatic.com/media/83bafb_5f1d2e8510eb4a7386e06644a78a995f~mv2.png,276611,ok,,
events/2024-baltimore-workshop,83bafb_5f53bcef5d204813912d5a2d949efd86_mv2.png,Baltimore Workshop 2024,baltimore-city-workshop,https://static.wixstatic.com/media/83bafb_5f53bcef5d204813912d5a2d949efd86~mv2.png,18500412,ok,,
events/2024-howard-county-workshop,83bafb_60cb032d50bc4075a889fecf4083e6ec_mv2.png,Howard County Workshop 2024,howard-county-workshop,https://static.wixstatic.com/media/83bafb_60cb032d50bc4075a889fecf4083e6ec~mv2.png,18575687,ok,,
events/2017-ocean-city,83bafb_610b4a8df13e4cdd9c80838f5c44dfc6_mv2.jpg,Ocean City Trip 2017,ocean-city-trip,https://static.wixstatic.com/media/83bafb_610b4a8df13e4cdd9c80838f5c44dfc6~mv2.jpg,1460348,ok,,
events/2017-unity-basketball,83bafb_6397a87b00d64b6bbb6f9159348ebf2e_mv2.jpg,Unity The Community Basketball Game 2017,unity-the-community-basketball-game,https://static.wixstatic.com/media/83bafb_6397a87b00d64b6bbb6f9159348ebf2e~mv2.jpg,743469,ok,,
home,83bafb_63e6c8fa10984f36ae6fd0e7565188c4_mv2.png,Homepage,?,https://static.wixstatic.com/media/83bafb_63e6c8fa10984f36ae6fd0e7565188c4~mv2.png,3912333,ok,,
events/2023-ny-philly-trip,83bafb_68cc48c6f49945d28dbd56be2899c9e0_mv2.png,S.T.A.N.D New York/Philadelphia Trip 2023,s-t-a-n-d-new-york-philly-trip,https://static.wixstatic.com/media/83bafb_68cc48c6f49945d28dbd56be2899c9e0~mv2.png,24451436,ok,,
events/2024-howard-county-workshop,83bafb_68fdcdd2a5874dca8e208c3bf84905c8_mv2.png,Howard County Workshop 2024,howard-county-workshop;programs,https://static.wixstatic.com/media/83bafb_68fdcdd2a5874dca8e208c3bf84905c8~mv2.png,16408352,ok,,
events/2023-ravens-training-camp,83bafb_6a6a3ac51f9e4284acab8edcbde278cb_mv2.png,Ravens Training Camp 2023,ravens-training-camp,https://static.wixstatic.com/media/83bafb_6a6a3ac51f9e4284acab8edcbde278cb~mv2.png,28001015,ok,,
events/2023-ravens-training-camp,83bafb_6b7a766a1eb64e1e8cff4f18e201d934_mv2.png,Ravens Training Camp 2023,ravens-training-camp,https://static.wixstatic.com/media/83bafb_6b7a766a1eb64e1e8cff4f18e201d934~mv2.png,23214461,ok,,
events/2024-baltimore-workshop,83bafb_6c0f7c09f2b149d8a41e0f0914bf7341_mv2.png,Baltimore Workshop 2024,baltimore-city-workshop,https://static.wixstatic.com/media/83bafb_6c0f7c09f2b149d8a41e0f0914bf7341~mv2.png,20270262,ok,,
events/2024-baltimore-workshop,83bafb_6c3e8c1b26fe40e59eb481ca735a310b_mv2.png,Baltimore Workshop 2024,baltimore-city-workshop,https://static.wixstatic.com/media/83bafb_6c3e8c1b26fe40e59eb481ca735a310b~mv2.png,14872229,ok,,
events/2023-camping-trip,83bafb_6cd6690848d449f8956f3f6ed1d14a11_mv2.png,Camping Trip 2023,camping-trip,https://static.wixstatic.com/media/83bafb_6cd6690848d449f8956f3f6ed1d14a11~mv2.png,28944699,ok,,
events/2014-orioles-game-night,83bafb_6cfc7204101c41ea9deb54aafcd02453_mv2.jpg,S.T.A.N.D Orioles Baseball Game Night 2014,s-t-a-n-d-orioles-baseball-game-night,https://static.wixstatic.com/media/83bafb_6cfc7204101c41ea9deb54aafcd02453~mv2.jpg,90955,ok,,
events/2024-baltimore-workshop,83bafb_6e07d5db8ca04c788bbdb6735c006a2f_mv2.png,Baltimore Workshop 2024,baltimore-city-workshop,https://static.wixstatic.com/media/83bafb_6e07d5db8ca04c788bbdb6735c006a2f~mv2.png,14845436,ok,,
events/2023-ravens-training-camp,83bafb_70f0882d0f6f4a399aed94001a2ec36e_mv2.png,Ravens Training Camp 2023,ravens-training-camp,https://static.wixstatic.com/media/83bafb_70f0882d0f6f4a399aed94001a2ec36e~mv2.png,23738401,ok,,
home,83bafb_7175e5b24ad44257ac3f7a3a6e369e59_mv2.png,Homepage,?,https://static.wixstatic.com/media/83bafb_7175e5b24ad44257ac3f7a3a6e369e59~mv2.png,22397956,ok,,
home,83bafb_74615d7a580643fdb8a6de47eb61d459_mv2.jpg,Homepage,?,https://static.wixstatic.com/media/83bafb_74615d7a580643fdb8a6de47eb61d459~mv2.jpg,263054,ok,,
events/2017-ocean-city,83bafb_751e9a3571004f69864126cc788ec206_mv2.jpg,Ocean City Trip 2017,ocean-city-trip,https://static.wixstatic.com/media/83bafb_751e9a3571004f69864126cc788ec206~mv2.jpg,1593850,ok,,
events/2023-camping-trip,83bafb_76b4af1b4ded44c790c9fd7640fd9eb9_mv2.png,Camping Trip 2023,camping-trip,https://static.wixstatic.com/media/83bafb_76b4af1b4ded44c790c9fd7640fd9eb9~mv2.png,27512309,ok,,
events/2023-camping-trip,83bafb_7a1ee71c2f0245bd8b73cbec2e01d713_mv2.png,Camping Trip 2023,camping-trip,https://static.wixstatic.com/media/83bafb_7a1ee71c2f0245bd8b73cbec2e01d713~mv2.png,22420221,ok,,
events/2024-baltimore-workshop,83bafb_7c0ca9d6660b431687406c71df536b95_mv2.png,Baltimore Workshop 2024,baltimore-city-workshop,https://static.wixstatic.com/media/83bafb_7c0ca9d6660b431687406c71df536b95~mv2.png,16847376,ok,,
events/2024-howard-county-workshop,83bafb_7e5529c839a0484bb9e2ae8fa6e9edc0_mv2.png,Howard County Workshop 2024,howard-county-workshop,https://static.wixstatic.com/media/83bafb_7e5529c839a0484bb9e2ae8fa6e9edc0~mv2.png,15692746,ok,,
events/2023-ny-philly-trip,83bafb_7f42b7309839430fa8347ea319e7be32_mv2.png,S.T.A.N.D New York/Philadelphia Trip 2023,s-t-a-n-d-new-york-philly-trip,https://static.wixstatic.com/media/83bafb_7f42b7309839430fa8347ea319e7be32~mv2.png,20332271,ok,,
events/2024-howard-county-workshop,83bafb_829afe3f7a364b27b936c5e58fe6fddc_mv2.png,Howard County Workshop 2024,howard-county-workshop,https://static.wixstatic.com/media/83bafb_829afe3f7a364b27b936c5e58fe6fddc~mv2.png,15268105,ok,,
events/2023-ravens-training-camp,83bafb_8ad6cb6cd7dd4a5abccfe392572d5577_mv2.png,Ravens Training Camp 2023,ravens-training-camp,https://static.wixstatic.com/media/83bafb_8ad6cb6cd7dd4a5abccfe392572d5577~mv2.png,13518675,ok,,
events/2023-ny-philly-trip,83bafb_8ae86db09c6740d7921049d4f1af025d_mv2.png,S.T.A.N.D New York/Philadelphia Trip 2023,s-t-a-n-d-new-york-philly-trip,https://static.wixstatic.com/media/83bafb_8ae86db09c6740d7921049d4f1af025d~mv2.png,21717357,ok,,
events/2023-camping-trip,83bafb_8b2b6d6ead174e979b5aeb9574f27b33_mv2.png,Camping Trip 2023,camping-trip,https://static.wixstatic.com/media/83bafb_8b2b6d6ead174e979b5aeb9574f27b33~mv2.png,25227587,ok,,
events/2023-ny-philly-trip,83bafb_8cf3b8b8e94d4568ab4f1d222e5e2593_mv2.png,S.T.A.N.D New York/Philadelphia Trip 2023,programs;s-t-a-n-d-new-york-philly-trip,https://static.wixstatic.com/media/83bafb_8cf3b8b8e94d4568ab4f1d222e5e2593~mv2.png,20712005,ok,,
events/2023-ny-philly-trip,83bafb_8dd85d4c4d814dc19320c598c319dcc8_mv2.png,S.T.A.N.D New York/Philadelphia Trip 2023,s-t-a-n-d-new-york-philly-trip,https://static.wixstatic.com/media/83bafb_8dd85d4c4d814dc19320c598c319dcc8~mv2.png,21218731,ok,,
events/2023-ny-philly-trip,83bafb_8e08b12e7aed41d68718dc13aa734c57_mv2.png,S.T.A.N.D New York/Philadelphia Trip 2023,s-t-a-n-d-new-york-philly-trip,https://static.wixstatic.com/media/83bafb_8e08b12e7aed41d68718dc13aa734c57~mv2.png,7192025,ok,,
events/2023-camping-trip,83bafb_8ed387247c174a3b8614232a1c6efaa8_mv2.png,Camping Trip 2023,camping-trip,https://static.wixstatic.com/media/83bafb_8ed387247c174a3b8614232a1c6efaa8~mv2.png,27031984,ok,,
events/2017-ocean-city,83bafb_8f3cf4a809b44699b428e37728f53c75_mv2.jpg,Ocean City Trip 2017,ocean-city-trip,https://static.wixstatic.com/media/83bafb_8f3cf4a809b44699b428e37728f53c75~mv2.jpg,1778683,ok,,
events/2017-unity-basketball,83bafb_8f4b956b278c4383baa2c4a1e535c030_mv2.jpg,Unity The Community Basketball Game 2017,unity-the-community-basketball-game,https://static.wixstatic.com/media/83bafb_8f4b956b278c4383baa2c4a1e535c030~mv2.jpg,1589419,ok,,
events/2024-howard-county-workshop,83bafb_92067cfbc0c74883bcc6f43cfd464a6b_mv2.png,Howard County Workshop 2024,howard-county-workshop,https://static.wixstatic.com/media/83bafb_92067cfbc0c74883bcc6f43cfd464a6b~mv2.png,20728534,ok,,
events/2023-camping-trip,83bafb_973d3ac8eb904b23928febe5a9aaa3f6_mv2.png,Camping Trip 2023,camping-trip,https://static.wixstatic.com/media/83bafb_973d3ac8eb904b23928febe5a9aaa3f6~mv2.png,25536326,ok,,
events/2023-ny-philly-trip,83bafb_9e45d9c85cfd4e55803b5673dc63d2ee_mv2.png,S.T.A.N.D New York/Philadelphia Trip 2023,s-t-a-n-d-new-york-philly-trip;upcoming-events,https://static.wixstatic.com/media/83bafb_9e45d9c85cfd4e55803b5673dc63d2ee~mv2.png,25568197,ok,,
_brand,83bafb_9f27d041d4e1457894698553696451a0_mv2.png,Brand/UI (site-wide),;about;baltimore-city-workshop;camping-trip;contact;donate-now;enrollment;howard-county-workshop;ocean-city-trip;past-events;program-information;programs;ravens-training-camp;regis;s-t-a-n-d-new-york-philly-trip;s-t-a-n-d-orioles-baseball-game-night;services;unity-the-community-basketball-game;upcoming-events,https://static.wixstatic.com/media/83bafb_9f27d041d4e1457894698553696451a0~mv2.png,372029,ok,,
events/2023-camping-trip,83bafb_a1602b4c6cfc4e93acd85a2118fe7d15_mv2.png,Camping Trip 2023,camping-trip,https://static.wixstatic.com/media/83bafb_a1602b4c6cfc4e93acd85a2118fe7d15~mv2.png,24257892,ok,,
events/2023-ravens-training-camp,83bafb_a187e5beffe046e68dc92b90cb367282_mv2.png,Ravens Training Camp 2023,ravens-training-camp,https://static.wixstatic.com/media/83bafb_a187e5beffe046e68dc92b90cb367282~mv2.png,21761611,ok,,
events/2023-camping-trip,83bafb_a1bf3b0600ed4293ba9207296b6502bd_mv2.png,Camping Trip 2023,camping-trip,https://static.wixstatic.com/media/83bafb_a1bf3b0600ed4293ba9207296b6502bd~mv2.png,30195471,ok,,
home,83bafb_a46d8468361a4d549a935a73c1a348cf_mv2.png,Homepage,;services,https://static.wixstatic.com/media/83bafb_a46d8468361a4d549a935a73c1a348cf~mv2.png,13805584,ok,,
team,83bafb_a4ea52af834947cdb0f528faad6c3543_mv2.jpeg,About / Team & Board,about,https://static.wixstatic.com/media/83bafb_a4ea52af834947cdb0f528faad6c3543~mv2.jpeg,78796,ok,,
events/2023-camping-trip,83bafb_a51881479a314ee390841b377927d1a8_mv2.png,Camping Trip 2023,camping-trip,https://static.wixstatic.com/media/83bafb_a51881479a314ee390841b377927d1a8~mv2.png,26827000,ok,,
events/2024-howard-county-workshop,83bafb_a6021d06f34040a4aa6a893543a30415_mv2.png,Howard County Workshop 2024,howard-county-workshop,https://static.wixstatic.com/media/83bafb_a6021d06f34040a4aa6a893543a30415~mv2.png,19729928,ok,,
events/2017-ocean-city,83bafb_a9d52a40dd9a4ff6817f4f6ccef7e92e_mv2.jpg,Ocean City Trip 2017,ocean-city-trip,https://static.wixstatic.com/media/83bafb_a9d52a40dd9a4ff6817f4f6ccef7e92e~mv2.jpg,1277506,ok,,
events/2023-ny-philly-trip,83bafb_ad316ccf90c94c5ebb0a1bf6fd495e3a_mv2.png,S.T.A.N.D New York/Philadelphia Trip 2023,s-t-a-n-d-new-york-philly-trip,https://static.wixstatic.com/media/83bafb_ad316ccf90c94c5ebb0a1bf6fd495e3a~mv2.png,20885590,ok,,
events/2024-baltimore-workshop,83bafb_b05a2a8bc65f40189bd728d94f7b9680_mv2.png,Baltimore Workshop 2024,baltimore-city-workshop,https://static.wixstatic.com/media/83bafb_b05a2a8bc65f40189bd728d94f7b9680~mv2.png,18383575,ok,,
events/2017-unity-basketball,83bafb_b36016ef58dc4f7d9d942b1642929edc_mv2.jpg,Unity The Community Basketball Game 2017,unity-the-community-basketball-game,https://static.wixstatic.com/media/83bafb_b36016ef58dc4f7d9d942b1642929edc~mv2.jpg,1197478,ok,,
home,83bafb_ba0f7781448340979a092693aecf60d7_mv2.jpg,Homepage,?,https://static.wixstatic.com/media/83bafb_ba0f7781448340979a092693aecf60d7~mv2.jpg,213589,ok,,
misc,83bafb_c45bd4c8a2ac40fbbb9dd54ace485811_mv2.png,Programs,programs,https://static.wixstatic.com/media/83bafb_c45bd4c8a2ac40fbbb9dd54ace485811~mv2.png,27373240,ok,,
events/2024-baltimore-workshop,83bafb_c8f6b6d11e9c48e8b62d652ef93a2f16_mv2.png,Baltimore Workshop 2024,baltimore-city-workshop;programs,https://static.wixstatic.com/media/83bafb_c8f6b6d11e9c48e8b62d652ef93a2f16~mv2.png,18866260,ok,,
events/2023-ny-philly-trip,83bafb_c9062820258a40f3b9979a18cdc5b9eb_mv2.png,S.T.A.N.D New York/Philadelphia Trip 2023,s-t-a-n-d-new-york-philly-trip,https://static.wixstatic.com/media/83bafb_c9062820258a40f3b9979a18cdc5b9eb~mv2.png,18286428,ok,,
events/2023-ravens-training-camp,83bafb_cbf169ff9bac49a4bc9eea768a976853_mv2.png,Ravens Training Camp 2023,ravens-training-camp,https://static.wixstatic.com/media/83bafb_cbf169ff9bac49a4bc9eea768a976853~mv2.png,22636646,ok,,
team,83bafb_cc7ec03f7f82404ab85598233baa7ad5_mv2.jpg,About / Team & Board,about,https://static.wixstatic.com/media/83bafb_cc7ec03f7f82404ab85598233baa7ad5~mv2.jpg,279641,ok,,
events/2023-camping-trip,83bafb_cd355939b1a0454482208e88dfd30d6e_mv2.png,Camping Trip 2023,camping-trip,https://static.wixstatic.com/media/83bafb_cd355939b1a0454482208e88dfd30d6e~mv2.png,27786211,ok,,
events/2023-ravens-training-camp,83bafb_ce98635a66e64a45a957d9fdde8442b7_mv2.png,Ravens Training Camp 2023,ravens-training-camp,https://static.wixstatic.com/media/83bafb_ce98635a66e64a45a957d9fdde8442b7~mv2.png,22442514,ok,,
events/2023-camping-trip,83bafb_d79a5dc6a50347d0a55881e3b0fa641c_mv2.png,Camping Trip 2023,camping-trip,https://static.wixstatic.com/media/83bafb_d79a5dc6a50347d0a55881e3b0fa641c~mv2.png,27006893,ok,,
home,83bafb_d7f5a20e71f94dd69763c2a7345ced6f_mv2.png,Homepage,?,https://static.wixstatic.com/media/83bafb_d7f5a20e71f94dd69763c2a7345ced6f~mv2.png,4512488,ok,,
misc,83bafb_d8edacddf6a047a29d8c7a7f7c17c423_mv2.jpeg,Vision & Mission,program-information,https://static.wixstatic.com/media/83bafb_d8edacddf6a047a29d8c7a7f7c17c423~mv2.jpeg,116343,ok,,
events/2017-ocean-city,83bafb_d936f5eb0217497f948a878c4a0e1dd1_mv2.jpg,Ocean City Trip 2017,ocean-city-trip,https://static.wixstatic.com/media/83bafb_d936f5eb0217497f948a878c4a0e1dd1~mv2.jpg,1767485,ok,,
events/2024-baltimore-workshop,83bafb_da3247634f9a442bb08cf370c4e3d037_mv2.png,Baltimore Workshop 2024,baltimore-city-workshop;enrollment,https://static.wixstatic.com/media/83bafb_da3247634f9a442bb08cf370c4e3d037~mv2.png,19035261,ok,,
events/2017-unity-basketball,83bafb_dabe45d070cd4d1bb72f6bf7ca63e3d7_mv2.jpg,Unity The Community Basketball Game 2017,unity-the-community-basketball-game,https://static.wixstatic.com/media/83bafb_dabe45d070cd4d1bb72f6bf7ca63e3d7~mv2.jpg,1164514,ok,,
events/2023-ravens-training-camp,83bafb_df43275ed13345ab9c8b5f692a26c019_mv2.png,Ravens Training Camp 2023,ravens-training-camp,https://static.wixstatic.com/media/83bafb_df43275ed13345ab9c8b5f692a26c019~mv2.png,14180404,ok,,
events/2017-unity-basketball,83bafb_e2938533307749f48000a3584aa7c55e_mv2.jpg,Unity The Community Basketball Game 2017,unity-the-community-basketball-game,https://static.wixstatic.com/media/83bafb_e2938533307749f48000a3584aa7c55e~mv2.jpg,2047313,ok,,
events/2023-ravens-training-camp,83bafb_e3232e9251e348e29645a1a68dd72dc3_mv2.png,Ravens Training Camp 2023,ravens-training-camp,https://static.wixstatic.com/media/83bafb_e3232e9251e348e29645a1a68dd72dc3~mv2.png,26552410,ok,,
events/2023-camping-trip,83bafb_e419fd0e5d374c3cae93adccdddce5e2_mv2.png,Camping Trip 2023,camping-trip,https://static.wixstatic.com/media/83bafb_e419fd0e5d374c3cae93adccdddce5e2~mv2.png,26403111,ok,,
team,83bafb_e50c2b227bf74455878c89e2373882dc_mv2.jpeg,About / Team & Board,about,https://static.wixstatic.com/media/83bafb_e50c2b227bf74455878c89e2373882dc~mv2.jpeg,330274,ok,,
misc,83bafb_e60511857984402c8297007f73159dd2_mv2.jpg,Programs,programs,https://static.wixstatic.com/media/83bafb_e60511857984402c8297007f73159dd2~mv2.jpg,204999,ok,,
events/2023-camping-trip,83bafb_e649b336809b4d6db5f27f257c653304_mv2.png,Camping Trip 2023,camping-trip,https://static.wixstatic.com/media/83bafb_e649b336809b4d6db5f27f257c653304~mv2.png,25711077,ok,,
events/2023-ny-philly-trip,83bafb_e749cfdac89e425d9398f253d71cc0a4_mv2.png,S.T.A.N.D New York/Philadelphia Trip 2023,s-t-a-n-d-new-york-philly-trip,https://static.wixstatic.com/media/83bafb_e749cfdac89e425d9398f253d71cc0a4~mv2.png,23045762,ok,,
events/2023-ravens-training-camp,83bafb_e792d471bfbf4a30b5212f74e2a0c4bf_mv2.png,Ravens Training Camp 2023,ravens-training-camp,https://static.wixstatic.com/media/83bafb_e792d471bfbf4a30b5212f74e2a0c4bf~mv2.png,26497312,ok,,
team,83bafb_e8dc5ee6cbe048b4a90e722c5e2abeb9_mv2.jpeg,About / Team & Board,about,https://static.wixstatic.com/media/83bafb_e8dc5ee6cbe048b4a90e722c5e2abeb9~mv2.jpeg,195251,ok,,
events/2023-camping-trip,83bafb_e9596214cc1e494e86e1c9af889fda50_mv2.png,Camping Trip 2023,camping-trip,https://static.wixstatic.com/media/83bafb_e9596214cc1e494e86e1c9af889fda50~mv2.png,26814868,ok,,
team,83bafb_ea81809161a04b5986278bfc940da185_mv2.jpg,About / Team & Board,about,https://static.wixstatic.com/media/83bafb_ea81809161a04b5986278bfc940da185~mv2.jpg,276131,ok,,
events/2023-camping-trip,83bafb_ebc3332f50614045a6ebe9283d8a98ae_mv2.png,Camping Trip 2023,camping-trip,https://static.wixstatic.com/media/83bafb_ebc3332f50614045a6ebe9283d8a98ae~mv2.png,28695619,ok,,
events/2023-ravens-training-camp,83bafb_ecd2e07e182a4f528a0930fc06bd8e23_mv2.png,Ravens Training Camp 2023,ravens-training-camp,https://static.wixstatic.com/media/83bafb_ecd2e07e182a4f528a0930fc06bd8e23~mv2.png,15826173,ok,,
events/2014-orioles-game-night,83bafb_ef57a8b1e17f4e0aaff1ed6ba9c3fac5_mv2.jpg,S.T.A.N.D Orioles Baseball Game Night 2014,s-t-a-n-d-orioles-baseball-game-night,https://static.wixstatic.com/media/83bafb_ef57a8b1e17f4e0aaff1ed6ba9c3fac5~mv2.jpg,1146288,ok,,
misc,83bafb_f09503add6934bd5a929741b6bea04ca_mv2.jpg,Donate,donate-now,https://static.wixstatic.com/media/83bafb_f09503add6934bd5a929741b6bea04ca~mv2.jpg,311690,ok,,
events/2024-baltimore-workshop,83bafb_f126c1a1f4f140f2918c80a1a9e88c04_mv2.png,Baltimore Workshop 2024,baltimore-city-workshop,https://static.wixstatic.com/media/83bafb_f126c1a1f4f140f2918c80a1a9e88c04~mv2.png,19691898,ok,,
events/2023-ny-philly-trip,83bafb_f47f5904e1d84aa3b19bf964b15bcf1c_mv2.png,S.T.A.N.D New York/Philadelphia Trip 2023,s-t-a-n-d-new-york-philly-trip,https://static.wixstatic.com/media/83bafb_f47f5904e1d84aa3b19bf964b15bcf1c~mv2.png,9496527,ok,,
events/2023-ravens-training-camp,83bafb_f8a70b8456b84ade8c2ce007fe12dc4e_mv2.png,Ravens Training Camp 2023,ravens-training-camp,https://static.wixstatic.com/media/83bafb_f8a70b8456b84ade8c2ce007fe12dc4e~mv2.png,21015435,ok,,
events/2014-orioles-game-night,83bafb_fa09035fa15844d1893b22a0ac5cd2b4_mv2.jpg,S.T.A.N.D Orioles Baseball Game Night 2014,s-t-a-n-d-orioles-baseball-game-night,https://static.wixstatic.com/media/83bafb_fa09035fa15844d1893b22a0ac5cd2b4~mv2.jpg,506960,ok,,
events/2023-ravens-training-camp,83bafb_fa2e54b664cf44ff9c406ec178f0e8b3_mv2.png,Ravens Training Camp 2023,ravens-training-camp,https://static.wixstatic.com/media/83bafb_fa2e54b664cf44ff9c406ec178f0e8b3~mv2.png,19965669,ok,,
team,83bafb_fb085a7701af4b03b83277f31f002a93_mv2.jpg,About / Team & Board,about,https://static.wixstatic.com/media/83bafb_fb085a7701af4b03b83277f31f002a93~mv2.jpg,94916,ok,,
events/2023-camping-trip,83bafb_fdf7b8504a604d089bc1d54c778475f4_mv2.png,Camping Trip 2023,camping-trip,https://static.wixstatic.com/media/83bafb_fdf7b8504a604d089bc1d54c778475f4~mv2.png,26411228,ok,,
events/2014-orioles-game-night,83bafb_fec88073da984b3791e57e28aff59e40_mv2.jpg,S.T.A.N.D Orioles Baseball Game Night 2014,s-t-a-n-d-orioles-baseball-game-night,https://static.wixstatic.com/media/83bafb_fec88073da984b3791e57e28aff59e40~mv2.jpg,284615,ok,,
events/2023-ny-philly-trip,9b2afd9e442990f9314e4359982ff000.jpg,S.T.A.N.D New York/Philadelphia Trip 2023,s-t-a-n-d-new-york-philly-trip,https://static.wixstatic.com/media/9b2afd9e442990f9314e4359982ff000.jpg,0,FAIL:HTTPError,,
events/2023-ny-philly-trip,9b2afd9e442990f9314e4359982ff001.jpg,S.T.A.N.D New York/Philadelphia Trip 2023,s-t-a-n-d-new-york-philly-trip,https://static.wixstatic.com/media/9b2afd9e442990f9314e4359982ff001.jpg,0,FAIL:HTTPError,,
events/2023-ny-philly-trip,9b2afd9e442990f9314e4359982ff002.jpg,S.T.A.N.D New York/Philadelphia Trip 2023,s-t-a-n-d-new-york-philly-trip,https://static.wixstatic.com/media/9b2afd9e442990f9314e4359982ff002.jpg,0,FAIL:HTTPError,,
events/2023-ny-philly-trip,9b2afd9e442990f9314e4359982ff003.jpg,S.T.A.N.D New York/Philadelphia Trip 2023,s-t-a-n-d-new-york-philly-trip,https://static.wixstatic.com/media/9b2afd9e442990f9314e4359982ff003.jpg,0,FAIL:HTTPError,,
events/2023-ny-philly-trip,9f956d504104a4266a7fe6871f18f000.jpg,S.T.A.N.D New York/Philadelphia Trip 2023,s-t-a-n-d-new-york-philly-trip,https://static.wixstatic.com/media/9f956d504104a4266a7fe6871f18f000.jpg,0,FAIL:HTTPError,,
events/2023-ny-philly-trip,9f956d504104a4266a7fe6871f18f001.jpg,S.T.A.N.D New York/Philadelphia Trip 2023,s-t-a-n-d-new-york-philly-trip,https://static.wixstatic.com/media/9f956d504104a4266a7fe6871f18f001.jpg,0,FAIL:HTTPError,,
events/2023-ny-philly-trip,9f956d504104a4266a7fe6871f18f002.jpg,S.T.A.N.D New York/Philadelphia Trip 2023,s-t-a-n-d-new-york-philly-trip,https://static.wixstatic.com/media/9f956d504104a4266a7fe6871f18f002.jpg,0,FAIL:HTTPError,,
events/2023-ny-philly-trip,9f956d504104a4266a7fe6871f18f003.jpg,S.T.A.N.D New York/Philadelphia Trip 2023,s-t-a-n-d-new-york-philly-trip,https://static.wixstatic.com/media/9f956d504104a4266a7fe6871f18f003.jpg,0,FAIL:HTTPError,,
events/2023-ny-philly-trip,b4ba84924c56973b1fa78c16424cf000.jpg,S.T.A.N.D New York/Philadelphia Trip 2023,s-t-a-n-d-new-york-philly-trip,https://static.wixstatic.com/media/b4ba84924c56973b1fa78c16424cf000.jpg,0,FAIL:HTTPError,,
events/2023-ny-philly-trip,b4ba84924c56973b1fa78c16424cf001.jpg,S.T.A.N.D New York/Philadelphia Trip 2023,s-t-a-n-d-new-york-philly-trip,https://static.wixstatic.com/media/b4ba84924c56973b1fa78c16424cf001.jpg,0,FAIL:HTTPError,,
events/2023-ny-philly-trip,b4ba84924c56973b1fa78c16424cf002.jpg,S.T.A.N.D New York/Philadelphia Trip 2023,s-t-a-n-d-new-york-philly-trip,https://static.wixstatic.com/media/b4ba84924c56973b1fa78c16424cf002.jpg,0,FAIL:HTTPError,,
events/2023-ny-philly-trip,b4ba84924c56973b1fa78c16424cf003.jpg,S.T.A.N.D New York/Philadelphia Trip 2023,s-t-a-n-d-new-york-philly-trip,https://static.wixstatic.com/media/b4ba84924c56973b1fa78c16424cf003.jpg,0,FAIL:HTTPError,,
events/2023-ravens-training-camp,cfae8d0248388ea7d98d1ab39229f000.jpg,Ravens Training Camp 2023,ravens-training-camp,https://static.wixstatic.com/media/cfae8d0248388ea7d98d1ab39229f000.jpg,0,FAIL:HTTPError,,
events/2023-ravens-training-camp,cfae8d0248388ea7d98d1ab39229f001.jpg,Ravens Training Camp 2023,ravens-training-camp,https://static.wixstatic.com/media/cfae8d0248388ea7d98d1ab39229f001.jpg,0,FAIL:HTTPError,,
events/2023-ravens-training-camp,cfae8d0248388ea7d98d1ab39229f002.jpg,Ravens Training Camp 2023,ravens-training-camp,https://static.wixstatic.com/media/cfae8d0248388ea7d98d1ab39229f002.jpg,0,FAIL:HTTPError,,
events/2023-ravens-training-camp,cfae8d0248388ea7d98d1ab39229f003.jpg,Ravens Training Camp 2023,ravens-training-camp,https://static.wixstatic.com/media/cfae8d0248388ea7d98d1ab39229f003.jpg,0,FAIL:HTTPError,,
events/2023-camping-trip,d0217408448d97bcf8f5e943c432f000.jpg,Camping Trip 2023,camping-trip,https://static.wixstatic.com/media/d0217408448d97bcf8f5e943c432f000.jpg,0,FAIL:HTTPError,,
events/2023-camping-trip,d0217408448d97bcf8f5e943c432f001.jpg,Camping Trip 2023,camping-trip,https://static.wixstatic.com/media/d0217408448d97bcf8f5e943c432f001.jpg,0,FAIL:HTTPError,,
events/2023-camping-trip,d0217408448d97bcf8f5e943c432f002.jpg,Camping Trip 2023,camping-trip,https://static.wixstatic.com/media/d0217408448d97bcf8f5e943c432f002.jpg,0,FAIL:HTTPError,,
events/2023-camping-trip,d0217408448d97bcf8f5e943c432f003.jpg,Camping Trip 2023,camping-trip,https://static.wixstatic.com/media/d0217408448d97bcf8f5e943c432f003.jpg,0,FAIL:HTTPError,,
events/2023-ny-philly-trip,d7a1b84b4fcaa642a9c882502ac2f000.jpg,S.T.A.N.D New York/Philadelphia Trip 2023,s-t-a-n-d-new-york-philly-trip,https://static.wixstatic.com/media/d7a1b84b4fcaa642a9c882502ac2f000.jpg,0,FAIL:HTTPError,,
events/2023-ny-philly-trip,d7a1b84b4fcaa642a9c882502ac2f001.jpg,S.T.A.N.D New York/Philadelphia Trip 2023,s-t-a-n-d-new-york-philly-trip,https://static.wixstatic.com/media/d7a1b84b4fcaa642a9c882502ac2f001.jpg,0,FAIL:HTTPError,,
events/2023-ny-philly-trip,d7a1b84b4fcaa642a9c882502ac2f002.jpg,S.T.A.N.D New York/Philadelphia Trip 2023,s-t-a-n-d-new-york-philly-trip,https://static.wixstatic.com/media/d7a1b84b4fcaa642a9c882502ac2f002.jpg,0,FAIL:HTTPError,,
events/2023-ny-philly-trip,d7a1b84b4fcaa642a9c882502ac2f003.jpg,S.T.A.N.D New York/Philadelphia Trip 2023,s-t-a-n-d-new-york-philly-trip,https://static.wixstatic.com/media/d7a1b84b4fcaa642a9c882502ac2f003.jpg,0,FAIL:HTTPError,,
events/2023-camping-trip,ec2d7d0f49678b232a308a24c142f000.jpg,Camping Trip 2023,camping-trip,https://static.wixstatic.com/media/ec2d7d0f49678b232a308a24c142f000.jpg,0,FAIL:HTTPError,,
events/2023-camping-trip,ec2d7d0f49678b232a308a24c142f001.jpg,Camping Trip 2023,camping-trip,https://static.wixstatic.com/media/ec2d7d0f49678b232a308a24c142f001.jpg,0,FAIL:HTTPError,,
events/2023-camping-trip,ec2d7d0f49678b232a308a24c142f002.jpg,Camping Trip 2023,camping-trip,https://static.wixstatic.com/media/ec2d7d0f49678b232a308a24c142f002.jpg,0,FAIL:HTTPError,,
events/2023-camping-trip,ec2d7d0f49678b232a308a24c142f003.jpg,Camping Trip 2023,camping-trip,https://static.wixstatic.com/media/ec2d7d0f49678b232a308a24c142f003.jpg,0,FAIL:HTTPError,,
events/2023-ravens-training-camp,f5be8f8341f6b5fbfbd1acfb0ac2f000.jpg,Ravens Training Camp 2023,ravens-training-camp,https://static.wixstatic.com/media/f5be8f8341f6b5fbfbd1acfb0ac2f000.jpg,0,FAIL:HTTPError,,
events/2023-ravens-training-camp,f5be8f8341f6b5fbfbd1acfb0ac2f001.jpg,Ravens Training Camp 2023,ravens-training-camp,https://static.wixstatic.com/media/f5be8f8341f6b5fbfbd1acfb0ac2f001.jpg,0,FAIL:HTTPError,,
events/2023-ravens-training-camp,f5be8f8341f6b5fbfbd1acfb0ac2f002.jpg,Ravens Training Camp 2023,ravens-training-camp,https://static.wixstatic.com/media/f5be8f8341f6b5fbfbd1acfb0ac2f002.jpg,0,FAIL:HTTPError,,
events/2023-ravens-training-camp,f5be8f8341f6b5fbfbd1acfb0ac2f003.jpg,Ravens Training Camp 2023,ravens-training-camp,https://static.wixstatic.com/media/f5be8f8341f6b5fbfbd1acfb0ac2f003.jpg,0,FAIL:HTTPError,,
events/2023-ny-philly-trip,f8efc9bd47c99a0bd22db3c1fad6f000.jpg,S.T.A.N.D New York/Philadelphia Trip 2023,s-t-a-n-d-new-york-philly-trip,https://static.wixstatic.com/media/f8efc9bd47c99a0bd22db3c1fad6f000.jpg,0,FAIL:HTTPError,,
events/2023-ny-philly-trip,f8efc9bd47c99a0bd22db3c1fad6f001.jpg,S.T.A.N.D New York/Philadelphia Trip 2023,s-t-a-n-d-new-york-philly-trip,https://static.wixstatic.com/media/f8efc9bd47c99a0bd22db3c1fad6f001.jpg,0,FAIL:HTTPError,,
events/2023-ny-philly-trip,f8efc9bd47c99a0bd22db3c1fad6f002.jpg,S.T.A.N.D New York/Philadelphia Trip 2023,s-t-a-n-d-new-york-philly-trip,https://static.wixstatic.com/media/f8efc9bd47c99a0bd22db3c1fad6f002.jpg,0,FAIL:HTTPError,,
events/2023-ny-philly-trip,f8efc9bd47c99a0bd22db3c1fad6f003.jpg,S.T.A.N.D New York/Philadelphia Trip 2023,s-t-a-n-d-new-york-philly-trip,https://static.wixstatic.com/media/f8efc9bd47c99a0bd22db3c1fad6f003.jpg,0,FAIL:HTTPError,,
