folder,original_file,preview_path,orig_w,orig_h,orientation,orig_kb,preview_kb
_brand,01c3aff52f2a4dffa526d7a9843d46ea.png,_brand/01c3aff52f2a4dffa526d7a9843d46ea.png,200,200,square,21,4
_brand,11062b_362ef89dec51403eb0ee59a21bde967c_mv2.png,_brand/11062b_362ef89dec51403eb0ee59a21bde967c_mv2.png,201,200,square,3,2
_brand,83bafb_1245e5d9ba0d408f8396e6c24f4ddc2f_mv2.jpg,_brand/83bafb_1245e5d9ba0d408f8396e6c24f4ddc2f_mv2.jpg,6000,4000,landscape,2718,297
_brand,83bafb_9f27d041d4e1457894698553696451a0_mv2.png,_brand/83bafb_9f27d041d4e1457894698553696451a0_mv2.png,3508,2480,landscape,363,101
events/2014-orioles-game-night,83bafb_311cf5f6e5f849909aa7ab0b74c4a089_mv2.jpg,events/2014-orioles-game-night/83bafb_311cf5f6e5f849909aa7ab0b74c4a089_mv2.jpg,679,1070,portrait,84,72
events/2014-orioles-game-night,83bafb_4e27564f6f744bfdbee007169f1b199a_mv2.jpg,events/2014-orioles-game-night/83bafb_4e27564f6f744bfdbee007169f1b199a_mv2.jpg,4128,2322,landscape,976,172
events/2014-orioles-game-night,83bafb_4ee4fe88b14d43eea278bb4a45b0097c_mv2.jpg,events/2014-orioles-game-night/83bafb_4ee4fe88b14d43eea278bb4a45b0097c_mv2.jpg,579,638,square,52,44
events/2014-orioles-game-night,83bafb_6cfc7204101c41ea9deb54aafcd02453_mv2.jpg,events/2014-orioles-game-night/83bafb_6cfc7204101c41ea9deb54aafcd02453_mv2.jpg,650,1032,portrait,89,77
events/2014-orioles-game-night,83bafb_ef57a8b1e17f4e0aaff1ed6ba9c3fac5_mv2.jpg,events/2014-orioles-game-night/83bafb_ef57a8b1e17f4e0aaff1ed6ba9c3fac5_mv2.jpg,4128,2322,landscape,1119,213
events/2014-orioles-game-night,83bafb_fa09035fa15844d1893b22a0ac5cd2b4_mv2.jpg,events/2014-orioles-game-night/83bafb_fa09035fa15844d1893b22a0ac5cd2b4_mv2.jpg,4128,2322,landscape,495,125
events/2014-orioles-game-night,83bafb_fec88073da984b3791e57e28aff59e40_mv2.jpg,events/2014-orioles-game-night/83bafb_fec88073da984b3791e57e28aff59e40_mv2.jpg,2691,1028,landscape,278,130
events/2017-ocean-city,83bafb_54869f09200b41c6beb4317f9eaddda6_mv2.jpg,events/2017-ocean-city/83bafb_54869f09200b41c6beb4317f9eaddda6_mv2.jpg,4032,3024,landscape,1225,162
events/2017-ocean-city,83bafb_610b4a8df13e4cdd9c80838f5c44dfc6_mv2.jpg,events/2017-ocean-city/83bafb_610b4a8df13e4cdd9c80838f5c44dfc6_mv2.jpg,4032,3024,landscape,1426,238
events/2017-ocean-city,83bafb_751e9a3571004f69864126cc788ec206_mv2.jpg,events/2017-ocean-city/83bafb_751e9a3571004f69864126cc788ec206_mv2.jpg,4032,3024,landscape,1556,211
events/2017-ocean-city,83bafb_8f3cf4a809b44699b428e37728f53c75_mv2.jpg,events/2017-ocean-city/83bafb_8f3cf4a809b44699b428e37728f53c75_mv2.jpg,4032,3024,landscape,1737,242
events/2017-ocean-city,83bafb_a9d52a40dd9a4ff6817f4f6ccef7e92e_mv2.jpg,events/2017-ocean-city/83bafb_a9d52a40dd9a4ff6817f4f6ccef7e92e_mv2.jpg,4032,3024,landscape,1248,176
events/2017-ocean-city,83bafb_d936f5eb0217497f948a878c4a0e1dd1_mv2.jpg,events/2017-ocean-city/83bafb_d936f5eb0217497f948a878c4a0e1dd1_mv2.jpg,3024,4032,portrait,1726,232
events/2017-unity-basketball,83bafb_0f5cb19d0229486fbcbb56933997b0e9_mv2.jpg,events/2017-unity-basketball/83bafb_0f5cb19d0229486fbcbb56933997b0e9_mv2.jpg,4032,3024,landscape,1339,237
events/2017-unity-basketball,83bafb_1ed6baf96d8c44e5b498423fb7acfc40_mv2.jpg,events/2017-unity-basketball/83bafb_1ed6baf96d8c44e5b498423fb7acfc40_mv2.jpg,4032,3024,landscape,1421,266
events/2017-unity-basketball,83bafb_214703f10dc8442387a46bbd667e00ed_mv2.jpg,events/2017-unity-basketball/83bafb_214703f10dc8442387a46bbd667e00ed_mv2.jpg,4032,3024,landscape,1858,276
events/2017-unity-basketball,83bafb_256e0c4c457248f6ab4f45bb97f7c3c6_mv2.jpg,events/2017-unity-basketball/83bafb_256e0c4c457248f6ab4f45bb97f7c3c6_mv2.jpg,4032,3024,landscape,999,228
events/2017-unity-basketball,83bafb_2e1ebaf2b5e64b518b984fbee59c4e82_mv2.jpg,events/2017-unity-basketball/83bafb_2e1ebaf2b5e64b518b984fbee59c4e82_mv2.jpg,4032,3024,landscape,2322,342
events/2017-unity-basketball,83bafb_4065eaf6fecf452a96411ec2ae919e82_mv2.jpg,events/2017-unity-basketball/83bafb_4065eaf6fecf452a96411ec2ae919e82_mv2.jpg,4032,3024,landscape,1474,257
events/2017-unity-basketball,83bafb_4a76a083cf494821bc5c68479a4636bd_mv2.jpg,events/2017-unity-basketball/83bafb_4a76a083cf494821bc5c68479a4636bd_mv2.jpg,4032,3024,landscape,1248,267
events/2017-unity-basketball,83bafb_6397a87b00d64b6bbb6f9159348ebf2e_mv2.jpg,events/2017-unity-basketball/83bafb_6397a87b00d64b6bbb6f9159348ebf2e_mv2.jpg,3264,2448,landscape,726,240
events/2017-unity-basketball,83bafb_8f4b956b278c4383baa2c4a1e535c030_mv2.jpg,events/2017-unity-basketball/83bafb_8f4b956b278c4383baa2c4a1e535c030_mv2.jpg,4032,3024,landscape,1552,269
events/2017-unity-basketball,83bafb_b36016ef58dc4f7d9d942b1642929edc_mv2.jpg,events/2017-unity-basketball/83bafb_b36016ef58dc4f7d9d942b1642929edc_mv2.jpg,4032,3024,landscape,1169,261
events/2017-unity-basketball,83bafb_dabe45d070cd4d1bb72f6bf7ca63e3d7_mv2.jpg,events/2017-unity-basketball/83bafb_dabe45d070cd4d1bb72f6bf7ca63e3d7_mv2.jpg,4032,3024,landscape,1137,281
events/2017-unity-basketball,83bafb_e2938533307749f48000a3584aa7c55e_mv2.jpg,events/2017-unity-basketball/83bafb_e2938533307749f48000a3584aa7c55e_mv2.jpg,4032,3024,landscape,1999,313
events/2023-camping-trip,83bafb_00695dfb6dda455e8affb5832696c589_mv2.png,events/2023-camping-trip/83bafb_00695dfb6dda455e8affb5832696c589_mv2.jpg,3024,4032,portrait,12335,160
events/2023-camping-trip,83bafb_156c068240ce4df6bdf185bded8a2f25_mv2.png,events/2023-camping-trip/83bafb_156c068240ce4df6bdf185bded8a2f25_mv2.jpg,3024,4032,portrait,23064,417
events/2023-camping-trip,83bafb_189758ba1c1d460e91c15f6429c2baee_mv2.png,events/2023-camping-trip/83bafb_189758ba1c1d460e91c15f6429c2baee_mv2.jpg,3024,4032,portrait,27915,458
events/2023-camping-trip,83bafb_2336a7f3a35c48129ab19afd4374fb9c_mv2.png,events/2023-camping-trip/83bafb_2336a7f3a35c48129ab19afd4374fb9c_mv2.jpg,4032,3024,landscape,29212,575
events/2023-camping-trip,83bafb_44efa89566b141b2ae50db29953f4120_mv2.png,events/2023-camping-trip/83bafb_44efa89566b141b2ae50db29953f4120_mv2.jpg,3024,4032,portrait,15548,264
events/2023-camping-trip,83bafb_4a284399c97e4555bd9d49a7a70f6d82_mv2.png,events/2023-camping-trip/83bafb_4a284399c97e4555bd9d49a7a70f6d82_mv2.jpg,3024,4032,portrait,28481,653
events/2023-camping-trip,83bafb_526ceac1a8634e0196f55a891edb242e_mv2.png,events/2023-camping-trip/83bafb_526ceac1a8634e0196f55a891edb242e_mv2.jpg,3024,4032,portrait,23100,390
events/2023-camping-trip,83bafb_6cd6690848d449f8956f3f6ed1d14a11_mv2.png,events/2023-camping-trip/83bafb_6cd6690848d449f8956f3f6ed1d14a11_mv2.jpg,3024,4032,portrait,28266,512
events/2023-camping-trip,83bafb_76b4af1b4ded44c790c9fd7640fd9eb9_mv2.png,events/2023-camping-trip/83bafb_76b4af1b4ded44c790c9fd7640fd9eb9_mv2.jpg,3024,4032,portrait,26867,530
events/2023-camping-trip,83bafb_7a1ee71c2f0245bd8b73cbec2e01d713_mv2.png,events/2023-camping-trip/83bafb_7a1ee71c2f0245bd8b73cbec2e01d713_mv2.jpg,3024,4032,portrait,21895,353
events/2023-camping-trip,83bafb_8b2b6d6ead174e979b5aeb9574f27b33_mv2.png,events/2023-camping-trip/83bafb_8b2b6d6ead174e979b5aeb9574f27b33_mv2.jpg,3024,4032,portrait,24636,420
events/2023-camping-trip,83bafb_8ed387247c174a3b8614232a1c6efaa8_mv2.png,events/2023-camping-trip/83bafb_8ed387247c174a3b8614232a1c6efaa8_mv2.jpg,4032,3024,landscape,26398,509
events/2023-camping-trip,83bafb_973d3ac8eb904b23928febe5a9aaa3f6_mv2.png,events/2023-camping-trip/83bafb_973d3ac8eb904b23928febe5a9aaa3f6_mv2.jpg,3024,4032,portrait,24938,519
events/2023-camping-trip,83bafb_a1602b4c6cfc4e93acd85a2118fe7d15_mv2.png,events/2023-camping-trip/83bafb_a1602b4c6cfc4e93acd85a2118fe7d15_mv2.jpg,3024,4032,portrait,23689,403
events/2023-camping-trip,83bafb_a1bf3b0600ed4293ba9207296b6502bd_mv2.png,events/2023-camping-trip/83bafb_a1bf3b0600ed4293ba9207296b6502bd_mv2.jpg,3024,4032,portrait,29488,628
events/2023-camping-trip,83bafb_a51881479a314ee390841b377927d1a8_mv2.png,events/2023-camping-trip/83bafb_a51881479a314ee390841b377927d1a8_mv2.jpg,3024,4032,portrait,26198,433
events/2023-camping-trip,83bafb_cd355939b1a0454482208e88dfd30d6e_mv2.png,events/2023-camping-trip/83bafb_cd355939b1a0454482208e88dfd30d6e_mv2.jpg,4032,3024,landscape,27135,548
events/2023-camping-trip,83bafb_d79a5dc6a50347d0a55881e3b0fa641c_mv2.png,events/2023-camping-trip/83bafb_d79a5dc6a50347d0a55881e3b0fa641c_mv2.jpg,3024,4032,portrait,26374,481
events/2023-camping-trip,83bafb_e419fd0e5d374c3cae93adccdddce5e2_mv2.png,events/2023-camping-trip/83bafb_e419fd0e5d374c3cae93adccdddce5e2_mv2.jpg,3024,4032,portrait,25784,491
events/2023-camping-trip,83bafb_e649b336809b4d6db5f27f257c653304_mv2.png,events/2023-camping-trip/83bafb_e649b336809b4d6db5f27f257c653304_mv2.jpg,3024,4032,portrait,25108,444
events/2023-camping-trip,83bafb_e9596214cc1e494e86e1c9af889fda50_mv2.png,events/2023-camping-trip/83bafb_e9596214cc1e494e86e1c9af889fda50_mv2.jpg,3024,4032,portrait,26186,355
events/2023-camping-trip,83bafb_ebc3332f50614045a6ebe9283d8a98ae_mv2.png,events/2023-camping-trip/83bafb_ebc3332f50614045a6ebe9283d8a98ae_mv2.jpg,3024,4032,portrait,28023,638
events/2023-camping-trip,83bafb_fdf7b8504a604d089bc1d54c778475f4_mv2.png,events/2023-camping-trip/83bafb_fdf7b8504a604d089bc1d54c778475f4_mv2.jpg,3024,4032,portrait,25792,453
events/2023-ny-philly-trip,83bafb_1121b5506d71413f9a52f8836d252244_mv2.png,events/2023-ny-philly-trip/83bafb_1121b5506d71413f9a52f8836d252244_mv2.jpg,3024,4032,portrait,7330,141
events/2023-ny-philly-trip,83bafb_1c071837a2384e3fb97d9f127ae158a0_mv2.png,events/2023-ny-philly-trip/83bafb_1c071837a2384e3fb97d9f127ae158a0_mv2.jpg,4032,3024,landscape,19227,285
events/2023-ny-philly-trip,83bafb_40ee8345651e4320a7f23632002c2d10_mv2.png,events/2023-ny-philly-trip/83bafb_40ee8345651e4320a7f23632002c2d10_mv2.jpg,3024,4032,portrait,16396,276
events/2023-ny-philly-trip,83bafb_41aefb743c774efa8757e8989a67f85c_mv2.png,events/2023-ny-philly-trip/83bafb_41aefb743c774efa8757e8989a67f85c_mv2.jpg,4032,3024,landscape,17060,288
events/2023-ny-philly-trip,83bafb_547e1c73b8064f3a9fe4050691b4c56c_mv2.png,events/2023-ny-philly-trip/83bafb_547e1c73b8064f3a9fe4050691b4c56c_mv2.jpg,3024,4032,portrait,21930,358
events/2023-ny-philly-trip,83bafb_556822dc972a4164af9dbf936525b5ba_mv2.png,events/2023-ny-philly-trip/83bafb_556822dc972a4164af9dbf936525b5ba_mv2.jpg,3024,4032,portrait,20639,368
events/2023-ny-philly-trip,83bafb_57a61b34331b442aa91dbb61da49f27a_mv2.png,events/2023-ny-philly-trip/83bafb_57a61b34331b442aa91dbb61da49f27a_mv2.jpg,4032,3024,landscape,18410,266
events/2023-ny-philly-trip,83bafb_68cc48c6f49945d28dbd56be2899c9e0_mv2.png,events/2023-ny-philly-trip/83bafb_68cc48c6f49945d28dbd56be2899c9e0_mv2.jpg,3024,4032,portrait,23878,469
events/2023-ny-philly-trip,83bafb_7f42b7309839430fa8347ea319e7be32_mv2.png,events/2023-ny-philly-trip/83bafb_7f42b7309839430fa8347ea319e7be32_mv2.jpg,3024,4032,portrait,19856,335
events/2023-ny-philly-trip,83bafb_8ae86db09c6740d7921049d4f1af025d_mv2.png,events/2023-ny-philly-trip/83bafb_8ae86db09c6740d7921049d4f1af025d_mv2.jpg,3024,4032,portrait,21208,423
events/2023-ny-philly-trip,83bafb_8cf3b8b8e94d4568ab4f1d222e5e2593_mv2.png,events/2023-ny-philly-trip/83bafb_8cf3b8b8e94d4568ab4f1d222e5e2593_mv2.jpg,4032,3024,landscape,20227,332
events/2023-ny-philly-trip,83bafb_8dd85d4c4d814dc19320c598c319dcc8_mv2.png,events/2023-ny-philly-trip/83bafb_8dd85d4c4d814dc19320c598c319dcc8_mv2.jpg,3024,4032,portrait,20721,394
events/2023-ny-philly-trip,83bafb_8e08b12e7aed41d68718dc13aa734c57_mv2.png,events/2023-ny-philly-trip/83bafb_8e08b12e7aed41d68718dc13aa734c57_mv2.jpg,4032,3024,landscape,7023,113
events/2023-ny-philly-trip,83bafb_9e45d9c85cfd4e55803b5673dc63d2ee_mv2.png,events/2023-ny-philly-trip/83bafb_9e45d9c85cfd4e55803b5673dc63d2ee_mv2.jpg,4032,3024,landscape,24969,478
events/2023-ny-philly-trip,83bafb_ad316ccf90c94c5ebb0a1bf6fd495e3a_mv2.png,events/2023-ny-philly-trip/83bafb_ad316ccf90c94c5ebb0a1bf6fd495e3a_mv2.jpg,4032,3024,landscape,20396,316
events/2023-ny-philly-trip,83bafb_c9062820258a40f3b9979a18cdc5b9eb_mv2.png,events/2023-ny-philly-trip/83bafb_c9062820258a40f3b9979a18cdc5b9eb_mv2.jpg,3024,4032,portrait,17858,315
events/2023-ny-philly-trip,83bafb_e749cfdac89e425d9398f253d71cc0a4_mv2.png,events/2023-ny-philly-trip/83bafb_e749cfdac89e425d9398f253d71cc0a4_mv2.jpg,3024,4032,portrait,22506,423
events/2023-ny-philly-trip,83bafb_f47f5904e1d84aa3b19bf964b15bcf1c_mv2.png,events/2023-ny-philly-trip/83bafb_f47f5904e1d84aa3b19bf964b15bcf1c_mv2.jpg,3024,4032,portrait,9274,163
events/2023-ravens-training-camp,83bafb_16f7b29b83804692a8a76309f043070c_mv2.png,events/2023-ravens-training-camp/83bafb_16f7b29b83804692a8a76309f043070c_mv2.jpg,4032,3024,landscape,22808,421
events/2023-ravens-training-camp,83bafb_2659ead672cd4349bc621168addc9fe8_mv2.png,events/2023-ravens-training-camp/83bafb_2659ead672cd4349bc621168addc9fe8_mv2.jpg,3024,4032,portrait,31944,774
events/2023-ravens-training-camp,83bafb_2aa3063dbe684517921469764f7144c5_mv2.png,events/2023-ravens-training-camp/83bafb_2aa3063dbe684517921469764f7144c5_mv2.jpg,3024,4032,portrait,19239,303
events/2023-ravens-training-camp,83bafb_369fc81f955441c2bca151fa2ae11b34_mv2.png,events/2023-ravens-training-camp/83bafb_369fc81f955441c2bca151fa2ae11b34_mv2.jpg,3024,4032,portrait,24491,481
events/2023-ravens-training-camp,83bafb_37bdd6a55225420a857ce06aa4fabf56_mv2.png,events/2023-ravens-training-camp/83bafb_37bdd6a55225420a857ce06aa4fabf56_mv2.jpg,3024,4032,portrait,25201,463
events/2023-ravens-training-camp,83bafb_3aca745cf3e14aeb96ee762cd3ab9636_mv2.png,events/2023-ravens-training-camp/83bafb_3aca745cf3e14aeb96ee762cd3ab9636_mv2.jpg,3024,4032,portrait,27648,555
events/2023-ravens-training-camp,83bafb_5120d0d19e724ad6a99e2c3e03b4d5de_mv2.png,events/2023-ravens-training-camp/83bafb_5120d0d19e724ad6a99e2c3e03b4d5de_mv2.jpg,3024,4032,portrait,19591,302
events/2023-ravens-training-camp,83bafb_6a6a3ac51f9e4284acab8edcbde278cb_mv2.png,events/2023-ravens-training-camp/83bafb_6a6a3ac51f9e4284acab8edcbde278cb_mv2.jpg,3024,4032,portrait,27345,607
events/2023-ravens-training-camp,83bafb_6b7a766a1eb64e1e8cff4f18e201d934_mv2.png,events/2023-ravens-training-camp/83bafb_6b7a766a1eb64e1e8cff4f18e201d934_mv2.jpg,3024,4032,portrait,22670,379
events/2023-ravens-training-camp,83bafb_70f0882d0f6f4a399aed94001a2ec36e_mv2.png,events/2023-ravens-training-camp/83bafb_70f0882d0f6f4a399aed94001a2ec36e_mv2.jpg,3024,4032,portrait,23182,428
events/2023-ravens-training-camp,83bafb_8ad6cb6cd7dd4a5abccfe392572d5577_mv2.png,events/2023-ravens-training-camp/83bafb_8ad6cb6cd7dd4a5abccfe392572d5577_mv2.jpg,3024,4032,portrait,13202,260
events/2023-ravens-training-camp,83bafb_a187e5beffe046e68dc92b90cb367282_mv2.png,events/2023-ravens-training-camp/83bafb_a187e5beffe046e68dc92b90cb367282_mv2.jpg,3024,4032,portrait,21252,401
events/2023-ravens-training-camp,83bafb_cbf169ff9bac49a4bc9eea768a976853_mv2.png,events/2023-ravens-training-camp/83bafb_cbf169ff9bac49a4bc9eea768a976853_mv2.jpg,3024,4032,portrait,22106,383
events/2023-ravens-training-camp,83bafb_ce98635a66e64a45a957d9fdde8442b7_mv2.png,events/2023-ravens-training-camp/83bafb_ce98635a66e64a45a957d9fdde8442b7_mv2.jpg,3024,4032,portrait,21917,401
events/2023-ravens-training-camp,83bafb_df43275ed13345ab9c8b5f692a26c019_mv2.png,events/2023-ravens-training-camp/83bafb_df43275ed13345ab9c8b5f692a26c019_mv2.jpg,3024,4032,portrait,13848,292
events/2023-ravens-training-camp,83bafb_e3232e9251e348e29645a1a68dd72dc3_mv2.png,events/2023-ravens-training-camp/83bafb_e3232e9251e348e29645a1a68dd72dc3_mv2.jpg,3024,4032,portrait,25930,607
events/2023-ravens-training-camp,83bafb_e792d471bfbf4a30b5212f74e2a0c4bf_mv2.png,events/2023-ravens-training-camp/83bafb_e792d471bfbf4a30b5212f74e2a0c4bf_mv2.jpg,3024,4032,portrait,25876,533
events/2023-ravens-training-camp,83bafb_ecd2e07e182a4f528a0930fc06bd8e23_mv2.png,events/2023-ravens-training-camp/83bafb_ecd2e07e182a4f528a0930fc06bd8e23_mv2.jpg,3024,4032,portrait,15455,263
events/2023-ravens-training-camp,83bafb_f8a70b8456b84ade8c2ce007fe12dc4e_mv2.png,events/2023-ravens-training-camp/83bafb_f8a70b8456b84ade8c2ce007fe12dc4e_mv2.jpg,3024,4032,portrait,20523,434
events/2023-ravens-training-camp,83bafb_fa2e54b664cf44ff9c406ec178f0e8b3_mv2.png,events/2023-ravens-training-camp/83bafb_fa2e54b664cf44ff9c406ec178f0e8b3_mv2.jpg,3024,4032,portrait,19498,311
events/2024-baltimore-workshop,83bafb_25b67c1ee44a4603ac4e2f5ac22fa288_mv2.png,events/2024-baltimore-workshop/83bafb_25b67c1ee44a4603ac4e2f5ac22fa288_mv2.jpg,4032,3024,landscape,16525,265
events/2024-baltimore-workshop,83bafb_28daad91f9654f77b692c3ce78b61532_mv2.png,events/2024-baltimore-workshop/83bafb_28daad91f9654f77b692c3ce78b61532_mv2.jpg,4032,3024,landscape,18490,327
events/2024-baltimore-workshop,83bafb_3ac85c70b3434dcf8646d2a2187434cb_mv2.png,events/2024-baltimore-workshop/83bafb_3ac85c70b3434dcf8646d2a2187434cb_mv2.jpg,4032,3024,landscape,18904,289
events/2024-baltimore-workshop,83bafb_5f53bcef5d204813912d5a2d949efd86_mv2.png,events/2024-baltimore-workshop/83bafb_5f53bcef5d204813912d5a2d949efd86_mv2.jpg,4032,3024,landscape,18067,301
events/2024-baltimore-workshop,83bafb_6c0f7c09f2b149d8a41e0f0914bf7341_mv2.png,events/2024-baltimore-workshop/83bafb_6c0f7c09f2b149d8a41e0f0914bf7341_mv2.jpg,4032,3024,landscape,19795,340
events/2024-baltimore-workshop,83bafb_6c3e8c1b26fe40e59eb481ca735a310b_mv2.png,events/2024-baltimore-workshop/83bafb_6c3e8c1b26fe40e59eb481ca735a310b_mv2.jpg,4032,3024,landscape,14524,213
events/2024-baltimore-workshop,83bafb_6e07d5db8ca04c788bbdb6735c006a2f_mv2.png,events/2024-baltimore-workshop/83bafb_6e07d5db8ca04c788bbdb6735c006a2f_mv2.jpg,3024,4032,portrait,14497,215
events/2024-baltimore-workshop,83bafb_7c0ca9d6660b431687406c71df536b95_mv2.png,events/2024-baltimore-workshop/83bafb_7c0ca9d6660b431687406c71df536b95_mv2.jpg,3024,4032,portrait,16453,259
events/2024-baltimore-workshop,83bafb_b05a2a8bc65f40189bd728d94f7b9680_mv2.png,events/2024-baltimore-workshop/83bafb_b05a2a8bc65f40189bd728d94f7b9680_mv2.jpg,4032,3024,landscape,17953,294
events/2024-baltimore-workshop,83bafb_c8f6b6d11e9c48e8b62d652ef93a2f16_mv2.png,events/2024-baltimore-workshop/83bafb_c8f6b6d11e9c48e8b62d652ef93a2f16_mv2.jpg,4032,3024,landscape,18424,313
events/2024-baltimore-workshop,83bafb_da3247634f9a442bb08cf370c4e3d037_mv2.png,events/2024-baltimore-workshop/83bafb_da3247634f9a442bb08cf370c4e3d037_mv2.jpg,4032,3024,landscape,18589,310
events/2024-baltimore-workshop,83bafb_f126c1a1f4f140f2918c80a1a9e88c04_mv2.png,events/2024-baltimore-workshop/83bafb_f126c1a1f4f140f2918c80a1a9e88c04_mv2.jpg,4032,3024,landscape,19230,305
events/2024-howard-county-workshop,83bafb_08c603b4d57945b1b4c8c1cf6594ec91_mv2.png,events/2024-howard-county-workshop/83bafb_08c603b4d57945b1b4c8c1cf6594ec91_mv2.jpg,4032,3024,landscape,14463,247
events/2024-howard-county-workshop,83bafb_1653f10cf302412891b54a591de0df26_mv2.png,events/2024-howard-county-workshop/83bafb_1653f10cf302412891b54a591de0df26_mv2.jpg,4032,3024,landscape,17966,352
events/2024-howard-county-workshop,83bafb_1ef824d0ce2f4478ae5c9d6247538622_mv2.png,events/2024-howard-county-workshop/83bafb_1ef824d0ce2f4478ae5c9d6247538622_mv2.jpg,4032,3024,landscape,19257,331
events/2024-howard-county-workshop,83bafb_2a4c8b9eb6a1462688de14b4f652695d_mv2.png,events/2024-howard-county-workshop/83bafb_2a4c8b9eb6a1462688de14b4f652695d_mv2.jpg,4032,3024,landscape,18157,334
events/2024-howard-county-workshop,83bafb_38d7caa035d8485683d9debf57138932_mv2.png,events/2024-howard-county-workshop/83bafb_38d7caa035d8485683d9debf57138932_mv2.jpg,4032,3024,landscape,18038,339
events/2024-howard-county-workshop,83bafb_3e60cf562aac4bb08d86d1c0e42a290e_mv2.png,events/2024-howard-county-workshop/83bafb_3e60cf562aac4bb08d86d1c0e42a290e_mv2.jpg,3024,4032,portrait,17838,318
events/2024-howard-county-workshop,83bafb_60cb032d50bc4075a889fecf4083e6ec_mv2.png,events/2024-howard-county-workshop/83bafb_60cb032d50bc4075a889fecf4083e6ec_mv2.jpg,4032,3024,landscape,18140,323
events/2024-howard-county-workshop,83bafb_68fdcdd2a5874dca8e208c3bf84905c8_mv2.png,events/2024-howard-county-workshop/83bafb_68fdcdd2a5874dca8e208c3bf84905c8_mv2.jpg,4032,3024,landscape,16024,264
events/2024-howard-county-workshop,83bafb_7e5529c839a0484bb9e2ae8fa6e9edc0_mv2.png,events/2024-howard-county-workshop/83bafb_7e5529c839a0484bb9e2ae8fa6e9edc0_mv2.jpg,4032,3024,landscape,15325,270
events/2024-howard-county-workshop,83bafb_829afe3f7a364b27b936c5e58fe6fddc_mv2.png,events/2024-howard-county-workshop/83bafb_829afe3f7a364b27b936c5e58fe6fddc_mv2.jpg,4032,3024,landscape,14910,250
events/2024-howard-county-workshop,83bafb_92067cfbc0c74883bcc6f43cfd464a6b_mv2.png,events/2024-howard-county-workshop/83bafb_92067cfbc0c74883bcc6f43cfd464a6b_mv2.jpg,4032,3024,landscape,20243,315
events/2024-howard-county-workshop,83bafb_a6021d06f34040a4aa6a893543a30415_mv2.png,events/2024-howard-county-workshop/83bafb_a6021d06f34040a4aa6a893543a30415_mv2.jpg,4032,3024,landscape,19268,335
home,83bafb_63e6c8fa10984f36ae6fd0e7565188c4_mv2.png,home/83bafb_63e6c8fa10984f36ae6fd0e7565188c4_mv2.jpg,1200,1600,portrait,3821,362
home,83bafb_7175e5b24ad44257ac3f7a3a6e369e59_mv2.png,home/83bafb_7175e5b24ad44257ac3f7a3a6e369e59_mv2.jpg,3024,4032,portrait,21873,355
home,83bafb_74615d7a580643fdb8a6de47eb61d459_mv2.jpg,home/83bafb_74615d7a580643fdb8a6de47eb61d459_mv2.jpg,828,790,square,257,133
home,83bafb_a46d8468361a4d549a935a73c1a348cf_mv2.png,home/83bafb_a46d8468361a4d549a935a73c1a348cf_mv2.jpg,3000,2000,landscape,13482,305
home,83bafb_ba0f7781448340979a092693aecf60d7_mv2.jpg,home/83bafb_ba0f7781448340979a092693aecf60d7_mv2.jpg,828,597,landscape,209,106
home,83bafb_d7f5a20e71f94dd69763c2a7345ced6f_mv2.png,home/83bafb_d7f5a20e71f94dd69763c2a7345ced6f_mv2.jpg,1600,1200,landscape,4407,411
misc,1fb4c0ae2d604ff8b2f97e0a53bda09f.jpg,misc/1fb4c0ae2d604ff8b2f97e0a53bda09f.jpg,2129,1410,landscape,855,91
misc,83bafb_30fdf8f9d761491ca3d8b3f595a87fff_mv2.jpeg,misc/83bafb_30fdf8f9d761491ca3d8b3f595a87fff_mv2.jpg,1049,1063,square,127,67
misc,83bafb_51064226c2604357b93259f561c3be1d_mv2.jpg,misc/83bafb_51064226c2604357b93259f561c3be1d_mv2.jpg,1070,1070,square,363,69
misc,83bafb_c45bd4c8a2ac40fbbb9dd54ace485811_mv2.png,misc/83bafb_c45bd4c8a2ac40fbbb9dd54ace485811_mv2.jpg,3024,4032,portrait,26732,501
misc,83bafb_d8edacddf6a047a29d8c7a7f7c17c423_mv2.jpeg,misc/83bafb_d8edacddf6a047a29d8c7a7f7c17c423_mv2.jpg,959,952,square,114,57
misc,83bafb_e60511857984402c8297007f73159dd2_mv2.jpg,misc/83bafb_e60511857984402c8297007f73159dd2_mv2.jpg,828,599,landscape,200,103
misc,83bafb_f09503add6934bd5a929741b6bea04ca_mv2.jpg,misc/83bafb_f09503add6934bd5a929741b6bea04ca_mv2.jpg,828,1013,portrait,304,167
team,359a5f6d127f443ea17ee6b2043a891a.jpg,team/359a5f6d127f443ea17ee6b2043a891a.jpg,3000,2000,landscape,259,82
team,83bafb_3f3a433851634fe184430a1ccb036932_mv2.jpg,team/83bafb_3f3a433851634fe184430a1ccb036932_mv2.jpg,480,549,square,138,30
team,83bafb_5f1d2e8510eb4a7386e06644a78a995f_mv2.png,team/83bafb_5f1d2e8510eb4a7386e06644a78a995f_mv2.png,392,515,portrait,270,215
team,83bafb_a4ea52af834947cdb0f528faad6c3543_mv2.jpeg,team/83bafb_a4ea52af834947cdb0f528faad6c3543_mv2.jpg,632,640,square,77,36
team,83bafb_cc7ec03f7f82404ab85598233baa7ad5_mv2.jpg,team/83bafb_cc7ec03f7f82404ab85598233baa7ad5_mv2.jpg,813,630,landscape,273,48
team,83bafb_e50c2b227bf74455878c89e2373882dc_mv2.jpeg,team/83bafb_e50c2b227bf74455878c89e2373882dc_mv2.jpg,1556,1918,portrait,323,136
team,83bafb_e8dc5ee6cbe048b4a90e722c5e2abeb9_mv2.jpeg,team/83bafb_e8dc5ee6cbe048b4a90e722c5e2abeb9_mv2.jpg,750,1334,portrait,191,82
team,83bafb_ea81809161a04b5986278bfc940da185_mv2.jpg,team/83bafb_ea81809161a04b5986278bfc940da185_mv2.jpg,534,518,square,270,62
team,83bafb_fb085a7701af4b03b83277f31f002a93_mv2.jpg,team/83bafb_fb085a7701af4b03b83277f31f002a93_mv2.jpg,377,360,square,93,16
